{
  "packages": [
    {
      "name": "riscduino",
      "maintainer": "Dinesh Annayya",
      "websiteUrl": "https://github.com/dineshannayya/riscduino",
      "Url": "https://github.com/dineshannayya/riscduino_board/raw/main/custom_board/package_riscduino_index.json",
      "email": "",
      "platforms": [
        {
          "name": "Riscduino Boards",
          "architecture": "riscv",
          "version": "1.0.3",
          "deprecated": false,
          "category": "Riscduino",
          "url": "https://github.com/dineshannayya/riscduino_board/raw/main/custom_board/riscduino-1.0.3.tar.gz",
          "archiveFileName": "riscduino-1.0.3.tar.gz",
          "checksum": "SHA-256:2db9bb98f57051c60bced97b391e502213e33b6dab4c9fea171092fb70b12508",
          "size": "122747",
          "boards": [
            {
              "name": "Riscduino Uno"
            }
          ],
          "help": {},
          "toolsDependencies": [
            {
              "packager": "riscduino",
              "name": "riscv64-unknown-elf-gcc",
              "version": "1.0.1"
            },
            {
              "packager": "riscduino",
              "name": "rdnodude",
              "version": "1.0.1"
            }
          ],
          "discoveryDependencies": [],
          "monitorDependencies": []
        }
      ],
      "tools": [
        {
          "name": "rdnodude",
          "version": "1.0.1",
          "systems": [
            {
              "host": "i686-mingw32",
              "url": "https://github.com/dineshannayya/riscduino_tools/raw/main/rdnodude-0.0.1-2023.07.17-x86_64-w64-mingw32.zip",
              "archiveFileName": "rdnodude-0.0.1-2023.07.17-x86_64-w64-mingw32.zip",
              "size": "4806",
              "checksum": "SHA-256:2578c0b897d2d411e13096e6281ba20c8f8e41467846a6096dfcc86416e4fb9d"
            }
          ]
        },
        {
          "name": "riscv64-unknown-elf-gcc",
          "version": "15e19cd0f1f80f41bc0c3278be4fcb9f059bb9bb",
          "systems": []
        },
        {
          "name": "riscv64-unknown-elf-gcc",
          "version": "3f7b3696217548bc31aeccf9a0c89bdfa4e16a8f",
          "systems": []
        },
        {
          "name": "riscv64-unknown-elf-gcc",
          "version": "1.0.1",
          "systems": [
            {
              "host": "i686-mingw32",
              "url": "https://github.com/dineshannayya/riscduino_tools/raw/main/riscv64-unknown-elf-toolchain-10.1.0-2020.06.24-x86_64-w64-mingw32.zip",
              "archiveFileName": "riscv64-unknown-elf-toolchain-10.1.0-2020.06.24-x86_64-w64-mingw32.zip",
              "size": "86905749",
              "checksum": "SHA-256:524b272dbe5d1fbbdcd03facea4f954dbdd17affd426bedf2364a03499ad62fb"
            }
          ]
        }
      ],
      "help": {
        "online": "https://github.com/dineshannayya/riscduino"
      }
    }
  ],
  "IsTrusted": false
}
